-- ====================================
-- 联想商城样本数据脚本
-- 包含: 5个分类, 25个商品, 25个用户, 50个订单
-- ====================================

SET NAMES utf8mb4;
SET FOREIGN_KEY_CHECKS = 0;

-- ====================================
-- 1. 清空现有数据（保留表结构）
-- ====================================
TRUNCATE TABLE `order_items`;
TRUNCATE TABLE `orders`;
TRUNCATE TABLE `cart_items`;
TRUNCATE TABLE `carts`;
TRUNCATE TABLE `user_addresses`;
TRUNCATE TABLE `product_category`;
TRUNCATE TABLE `products`;
TRUNCATE TABLE `categories`;
TRUNCATE TABLE `users`;
-- TRUNCATE TABLE `admin`; -- 保留管理员数据

-- ====================================
-- 2. 插入商品分类数据（5个分类）
-- ====================================
INSERT INTO `categories` (`id`, `name`, `slug`, `parent_id`, `description`, `sort_order`, `is_visible`, `created_at`, `updated_at`) VALUES
(1, '游戏本', 'gaming-laptops', NULL, '高性能游戏笔记本，搭载强劲显卡和处理器，适合游戏和内容创作', 50, 1, NOW(), NOW()),
(2, '轻薄本', 'ultrabooks', NULL, '轻薄便携商务本，长续航，适合办公、学习和日常使用', 40, 1, NOW(), NOW()),
(3, '台式机', 'desktops', NULL, '台式主机和一体机，性能强劲，扩展性好', 30, 1, NOW(), NOW()),
(4, '手机', 'smartphones', NULL, '智能手机，联想、摩托罗拉等品牌', 20, 1, NOW(), NOW()),
(5, '智能产品', 'smart-devices', NULL, '智能配件：投影仪、摄像头、显示器、平板等', 10, 1, NOW(), NOW());

-- ====================================
-- 3. 插入商品数据（25个真实商品）
-- ====================================

-- 游戏本系列（7个）
INSERT INTO `products` (`id`, `sku`, `name`, `subtitle`, `description`, `price`, `original_price`, `cost_price`, `stock`, `stock_low_threshold`, `main_image`, `image_gallery`, `specifications`, `series`, `model`, `cpu`, `gpu`, `ram`, `storage`, `screen_size`, `weight`, `is_on_sale`, `is_featured`, `is_hot`, `sales_count`, `view_count`, `rating_avg`, `review_count`, `created_at`, `updated_at`) VALUES
(1, 'Y9000P-2024-i9', '联想拯救者 Y9000P 2024', 'i9-14900HX | RTX 4070 | 32GB | 2.5K 240Hz', '全新14代酷睿i9处理器，RTX 4070显卡，32GB DDR5内存，霜刃散热系统Pro，2.5K高刷屏', 13999.00, 15999.00, 11500.00, 35, 10, 'http://localhost:1000/file/y9000p.jpg', '["http://localhost:1000/file/y9000p.jpg"]', '{"颜色":"钛晶灰","屏幕":"16英寸 2.5K 240Hz","接口":"雷电4×2,USB3.2×3,HDMI2.1"}', '拯救者', 'Y9000P 2024', 'Intel Core i9-14900HX', 'NVIDIA GeForce RTX 4070 8GB', '32GB DDR5-5600', '1TB PCIe 4.0 SSD', 16.0, 2.60, 1, 1, 1, 328, 5826, 4.90, 156, '2024-01-15 10:00:00', NOW()),

(2, 'Y9000P-2024-R9', '联想拯救者 Y9000P 2024 AMD版', 'R9-7945HX | RTX 4060 | 16GB | 2.5K 240Hz', 'AMD锐龙9处理器，性能强劲，散热优秀，电竞级体验', 11999.00, 13499.00, 9800.00, 42, 10, 'http://localhost:1000/file/y9000p.jpg', '["http://localhost:1000/file/y9000p.jpg"]', '{"颜色":"钛晶灰","屏幕":"16英寸 2.5K 240Hz","电池":"99.99Wh"}', '拯救者', 'Y9000P 2024 AMD', 'AMD Ryzen 9 7945HX', 'NVIDIA GeForce RTX 4060 8GB', '16GB DDR5-5600', '1TB PCIe 4.0 SSD', 16.0, 2.55, 1, 1, 1, 456, 6234, 4.85, 203, '2024-04-20 10:00:00', NOW()),

(3, 'R9000P-2024-R7', '联想拯救者 R9000P 2024', 'R7-7845HX | RTX 4060 | 16GB | 2.5K 165Hz', '高性价比游戏本，AMD平台，散热优秀，适合游戏和创作', 9499.00, 10999.00, 7800.00, 58, 15, 'http://localhost:1000/file/r9000p.jpg', '["http://localhost:1000/file/r9000p.jpg"]', '{"颜色":"雾影灰","屏幕":"16英寸 2.5K 165Hz","TDP":"140W"}', '拯救者', 'R9000P 2024', 'AMD Ryzen 7 7845HX', 'NVIDIA GeForce RTX 4060 8GB', '16GB DDR5-5200', '512GB PCIe 4.0 SSD', 16.0, 2.54, 1, 1, 1, 612, 7845, 4.88, 287, '2024-04-01 10:00:00', NOW()),

(4, 'Y7000P-2024', '联想拯救者 Y7000P 2024', 'i7-13700HX | RTX 4060 | 16GB | 2.5K 165Hz', '15.6英寸高性能游戏本，轻薄设计，适合学生和移动办公', 8999.00, 10499.00, 7400.00, 46, 12, 'http://localhost:1000/file/y7000p.jpg', '["http://localhost:1000/file/y7000p.jpg"]', '{"颜色":"暗夜黑","屏幕":"15.6英寸 2.5K 165Hz","重量":"2.26kg"}', '拯救者', 'Y7000P 2024', 'Intel Core i7-13700HX', 'NVIDIA GeForce RTX 4060 8GB', '16GB DDR5-4800', '512GB PCIe 4.0 SSD', 15.6, 2.26, 1, 1, 1, 734, 8923, 4.82, 321, '2024-04-10 10:00:00', NOW()),

(5, 'LEGION-5-PRO', '联想 Legion 5 Pro', 'R7-7840HS | RTX 4050 | 16GB | 2.5K 165Hz', '入门级高性能游戏本，性价比之选', 7299.00, 8499.00, 6000.00, 65, 15, 'http://localhost:1000/file/legion5pro.jpg', '["http://localhost:1000/file/legion5pro.jpg"]', '{"颜色":"风暴灰","屏幕":"16英寸 2.5K 165Hz","散热":"双风扇四出风口"}', 'Legion', 'Legion 5 Pro', 'AMD Ryzen 7 7840HS', 'NVIDIA GeForce RTX 4050 6GB', '16GB DDR5-5200', '512GB PCIe 4.0 SSD', 16.0, 2.40, 1, 0, 1, 523, 6547, 4.75, 245, '2024-02-15 10:00:00', NOW()),

(6, 'Y9000X-2024', '联想拯救者 Y9000X 2024', 'i9-13900HX | RTX 4060 | 32GB | 3.2K 165Hz', '全能创作本，轻薄机身强劲性能，内容创作者首选', 12999.00, 14999.00, 10700.00, 28, 8, 'http://localhost:1000/file/y9000x.jpg', '["http://localhost:1000/file/y9000x.jpg"]', '{"颜色":"星空灰","屏幕":"16英寸 3.2K 165Hz 100%DCI-P3","Thunderbolt":"4×2"}', '拯救者', 'Y9000X 2024', 'Intel Core i9-13900HX', 'NVIDIA GeForce RTX 4060 8GB', '32GB DDR5-5200', '1TB PCIe 4.0 SSD', 16.0, 2.15, 1, 1, 0, 187, 3452, 4.92, 89, '2024-02-20 10:00:00', NOW()),

(7, 'LEGION-PRO-7', '联想拯救者 刃9000X', 'i9-14900HX | RTX 4080 | 32GB | Mini-LED', '旗舰游戏本，Mini-LED屏幕，顶级配置', 19999.00, 22999.00, 16500.00, 15, 5, 'http://localhost:1000/file/r9000p.jpg', '["http://localhost:1000/file/r9000p.jpg"]', '{"颜色":"钛金灰","屏幕":"16英寸 3.2K Mini-LED 240Hz","功耗":"230W"}', '拯救者', '刃9000X 2024', 'Intel Core i9-14900HX', 'NVIDIA GeForce RTX 4080 12GB', '32GB DDR5-5600', '2TB PCIe 4.0 SSD', 16.0, 2.85, 1, 1, 1, 124, 2876, 4.95, 58, '2024-01-01 10:00:00', NOW()),

-- 轻薄本系列（8个）
(8, 'XIAOXIN-PRO14-2024', '联想小新 Pro 14 2024', 'Ultra 5 125H | 集显 | 16GB | 2.8K 120Hz', '14英寸高性能轻薄本，2.8K OLED屏，1.46kg轻薄机身', 5299.00, 6299.00, 4400.00, 95, 20, 'http://localhost:1000/file/小新pro14.jpg', '["http://localhost:1000/file/小新pro14.jpg"]', '{"颜色":"月光银","屏幕":"14英寸 2.8K OLED 120Hz","重量":"1.46kg"}', '小新', 'Pro 14 2024', 'Intel Core Ultra 5 125H', 'Intel Arc Graphics', '16GB LPDDR5X-7467', '1TB PCIe 4.0 SSD', 14.0, 1.46, 1, 1, 1, 1247, 14523, 4.78, 568, '2024-04-10 10:00:00', NOW()),

(9, 'XIAOXIN-PRO16-2024', '联想小新 Pro 16 2024', 'Ultra 7 155H | RTX 4050 | 32GB | 2.5K 120Hz', '16英寸创作本，搭载独显，适合设计和视频剪辑', 6999.00, 8299.00, 5800.00, 72, 15, 'http://localhost:1000/file/小新pro16gt.jpg', '["http://localhost:1000/file/小新pro16gt.jpg"]', '{"颜色":"星海灰","屏幕":"16英寸 2.5K 120Hz 100%sRGB","电池":"84Wh"}', '小新', 'Pro 16 2024', 'Intel Core Ultra 7 155H', 'NVIDIA GeForce RTX 4050 6GB', '32GB LPDDR5X-7467', '1TB PCIe 4.0 SSD', 16.0, 1.98, 1, 1, 1, 856, 10234, 4.82, 392, '2024-04-18 10:00:00', NOW()),

(10, 'XIAOXIN-AIR14-2024', '联想小新 Air 14 2024', 'R5-7530U | 集显 | 16GB | 1080P', '入门轻薄本，性价比之选，日常办公学习利器', 3299.00, 3999.00, 2700.00, 142, 30, 'http://localhost:1000/file/小新air14.jpg', '["http://localhost:1000/file/小新air14.jpg"]', '{"颜色":"云母银","屏幕":"14英寸 1920×1080 IPS","续航":"长达12小时"}', '小新', 'Air 14 2024', 'AMD Ryzen 5 7530U', 'AMD Radeon Graphics', '16GB DDR4-3200', '512GB PCIe 3.0 SSD', 14.0, 1.38, 1, 0, 1, 2145, 18765, 4.65, 923, '2024-01-25 10:00:00', NOW()),

(11, 'XIAOXIN-AIR15-2024', '联想小新 Air 15 2024', 'i5-13500H | 集显 | 16GB | 1080P', '15.6英寸大屏轻薄本，高性能处理器，适合多任务处理', 4499.00, 5299.00, 3700.00, 108, 25, 'http://localhost:1000/file/小新air15.jpg', '["http://localhost:1000/file/小新air15.jpg"]', '{"颜色":"冰河银","屏幕":"15.6英寸 1920×1080 IPS","扩展":"双M.2接口"}', '小新', 'Air 15 2024', 'Intel Core i5-13500H', 'Intel Iris Xe Graphics', '16GB DDR4-3200', '512GB PCIe 4.0 SSD', 15.6, 1.69, 1, 0, 1, 934, 11234, 4.72, 456, '2024-02-05 10:00:00', NOW()),

(12, 'THINKBOOK-14-2024', 'ThinkBook 14 2024', 'i7-1355U | 集显 | 16GB | 2.2K', '商务办公本，ThinkBook系列，稳定可靠', 5799.00, 6799.00, 4800.00, 63, 15, 'http://localhost:1000/file/thinkbook14.jpg', '["http://localhost:1000/file/thinkbook14.jpg"]', '{"颜色":"矿石灰","屏幕":"14英寸 2240×1400 低蓝光","安全":"指纹+人脸双识别"}', 'ThinkBook', 'ThinkBook 14 2024', 'Intel Core i7-1355U', 'Intel Iris Xe Graphics', '16GB LPDDR5-4800', '512GB PCIe 4.0 SSD', 14.0, 1.40, 1, 0, 0, 456, 7234, 4.68, 187, '2024-02-12 10:00:00', NOW()),

(13, 'THINKBOOK-16P-2024', 'ThinkBook 16p 2024', 'i9-13900H | RTX 4060 | 32GB | 3.2K', '高性能商务创作本，大屏高色域，专业设计', 9999.00, 11999.00, 8200.00, 38, 10, 'http://localhost:1000/file/thinkbook16p.jpg', '["http://localhost:1000/file/thinkbook16p.jpg"]', '{"颜色":"云岩灰","屏幕":"16英寸 3.2K OLED 120Hz 100%DCI-P3","认证":"潘通色彩认证"}', 'ThinkBook', 'ThinkBook 16p 2024', 'Intel Core i9-13900H', 'NVIDIA GeForce RTX 4060 8GB', '32GB DDR5-4800', '1TB PCIe 4.0 SSD', 16.0, 2.05, 1, 1, 0, 234, 4567, 4.85, 102, '2024-02-18 10:00:00', NOW()),

(14, 'YOGA-PRO14-2024', 'YOGA Pro 14 2024', 'Ultra 7 155H | 集显 | 32GB | 2.8K OLED', '翻转触控本，OLED触控屏，适合绘画和笔记', 8499.00, 9999.00, 7000.00, 45, 12, 'http://localhost:1000/file/yoga.jpg', '["http://localhost:1000/file/yoga.jpg"]', '{"颜色":"月光银","屏幕":"14英寸 2.8K OLED 触控 90Hz","模式":"笔记本/平板/帐篷"}', 'YOGA', 'YOGA Pro 14 2024', 'Intel Core Ultra 7 155H', 'Intel Arc Graphics', '32GB LPDDR5X-7467', '1TB PCIe 4.0 SSD', 14.0, 1.52, 1, 1, 0, 312, 5678, 4.88, 134, '2024-04-25 10:00:00', NOW()),

(15, 'THINKPAD-X1-2024', 'ThinkPad X1 Carbon Gen 12', 'Ultra 7 165U | 集显 | 32GB | 2.8K OLED', '商务旗舰本，碳纤维机身，极致轻薄', 14999.00, 17999.00, 12300.00, 22, 8, 'http://localhost:1000/file/thinkpadx1.jpg', '["http://localhost:1000/file/thinkpadx1.jpg"]', '{"颜色":"碳黑","屏幕":"14英寸 2.8K OLED 60Hz 防眩光","材质":"碳纤维+镁合金"}', 'ThinkPad', 'X1 Carbon Gen 12', 'Intel Core Ultra 7 165U', 'Intel Graphics', '32GB LPDDR5X-6400', '1TB PCIe 4.0 SSD', 14.0, 1.12, 1, 1, 0, 145, 3421, 4.93, 67, '2024-02-05 10:00:00', NOW()),

-- 台式机系列（4个）
(16, 'TIANYI-510S-2024', '联想天逸510S 2024', 'i5-13400 | 核显 | 16GB | 商用主机', '家用办公台式机，稳定可靠，性价比高', 3299.00, 3999.00, 2700.00, 85, 20, 'http://localhost:1000/file/tianyi510s.jpg', '["http://localhost:1000/file/tianyi510s.jpg"]', '{"机箱":"小型立式","接口":"USB3.2×6,HDMI×1","扩展":"M.2+SATA双硬盘位"}', '天逸', '510S 2024', 'Intel Core i5-13400', 'Intel UHD Graphics 730', '16GB DDR4-3200', '512GB PCIe 3.0 SSD', NULL, 6.50, 1, 0, 0, 456, 6234, 4.58, 198, '2024-01-12 10:00:00', NOW()),

(17, 'LEGION-T5-2024', '联想拯救者 刃7000P 2024', 'i7-14700KF | RTX 4070 | 32GB | 电竞主机', '高性能游戏台式机，水冷散热，RGB灯效', 11999.00, 13999.00, 9800.00, 42, 12, 'http://localhost:1000/file/blade7000p.jpg', '["http://localhost:1000/file/blade7000p.jpg"]', '{"机箱":"中塔式 RGB","散热":"240一体水冷","电源":"750W金牌全模组"}', '拯救者', '刃7000P 2024', 'Intel Core i7-14700KF', 'NVIDIA GeForce RTX 4070 12GB', '32GB DDR5-6000', '1TB PCIe 4.0 SSD', NULL, 12.50, 1, 1, 1, 287, 5123, 4.82, 126, '2024-01-28 10:00:00', NOW()),

(18, 'LEGION-T7-2024', '联想拯救者 刃9000K 2024', 'i9-14900K | RTX 4090 | 64GB | 旗舰主机', '旗舰级游戏台式机，极致性能，专业电竞', 29999.00, 34999.00, 24500.00, 18, 5, 'http://localhost:1000/file/blade9000k.jpg', '["http://localhost:1000/file/blade9000k.jpg"]', '{"机箱":"全塔式 钢化玻璃","散热":"360一体水冷","电源":"1000W白金全模组"}', '拯救者', '刃9000K 2024', 'Intel Core i9-14900K', 'NVIDIA GeForce RTX 4090 24GB', '64GB DDR5-6400', '2TB PCIe 5.0 SSD + 2TB HDD', NULL, 18.50, 1, 1, 1, 94, 2876, 4.95, 42, '2024-02-08 10:00:00', NOW()),

(19, 'LEGION-C760-2024', '联想拯救者 Y90 一体机', 'i7-13700 | RTX 4060 | 32GB | 27英寸 2K', '游戏一体机，27英寸高刷屏，节省空间', 9999.00, 11999.00, 8200.00, 35, 10, 'http://localhost:1000/file/主机.jpg', '["http://localhost:1000/file/主机.jpg"]', '{"屏幕":"27英寸 2560×1440 165Hz","音响":"哈曼卡顿认证","支架":"升降旋转支架"}', '拯救者', 'Y90 一体机 2024', 'Intel Core i7-13700', 'NVIDIA GeForce RTX 4060 8GB', '32GB DDR5-4800', '1TB PCIe 4.0 SSD', 27.0, 9.80, 1, 0, 1, 156, 3456, 4.76, 72, '2024-02-22 10:00:00', NOW()),

-- 手机系列（3个）
(20, 'MOTO-X40-2024', '摩托罗拉 moto X40', '骁龙8 Gen 2 | 12GB+256GB | 165Hz', '骁龙旗舰芯片，165Hz高刷屏，5000mAh大电池', 2999.00, 3499.00, 2400.00, 156, 30, 'http://localhost:1000/file/motox40.jpg', '["http://localhost:1000/file/motox40.jpg"]', '{"颜色":"曜石黑","屏幕":"6.7英寸 OLED 165Hz","快充":"125W有线+15W无线"}', 'moto', 'X40 2024', '骁龙8 Gen 2', 'Adreno 740', '12GB LPDDR5X', '256GB UFS 4.0', 6.7, 0.199, 1, 0, 1, 1876, 15234, 4.65, 823, '2024-01-15 10:00:00', NOW()),

(21, 'MOTO-S30-PRO', '摩托罗拉 moto S30 Pro', '骁龙888+ | 12GB+256GB | 144Hz', '中端旗舰，144Hz高刷屏，性价比之选', 1999.00, 2499.00, 1600.00, 234, 40, 'http://localhost:1000/file/motos30pro.jpg', '["http://localhost:1000/file/motos30pro.jpg"]', '{"颜色":"冰川蓝","屏幕":"6.55英寸 OLED 144Hz","电池":"4500mAh 68W快充"}', 'moto', 'S30 Pro', '骁龙888+', 'Adreno 660', '12GB LPDDR5', '256GB UFS 3.1', 6.55, 0.172, 1, 0, 1, 3245, 21456, 4.58, 1234, '2024-01-20 10:00:00', NOW()),

(22, 'LENOVO-Y70-2024', '联想拯救者 Y70', '骁龙8+ Gen 1 | 16GB+512GB | 电竞手机', '电竞手机，肩键设计，专为游戏优化', 3299.00, 3999.00, 2700.00, 128, 25, 'http://localhost:1000/file/手机.jpg', '["http://localhost:1000/file/手机.jpg"]', '{"颜色":"钛金灰","屏幕":"6.67英寸 OLED 144Hz","特色":"双肩键+双X轴马达"}', '拯救者', 'Y70 2024', '骁龙8+ Gen 1', 'Adreno 730', '16GB LPDDR5', '512GB UFS 3.1', 6.67, 0.209, 1, 1, 1, 987, 12345, 4.72, 456, '2024-04-01 10:00:00', NOW()),

-- 智能产品系列（3个）
(23, 'XIAOXIN-PAD-PRO-2024', '联想小新 Pad Pro 2024', '骁龙8 Gen 2 | 12.7英寸 3K | 144Hz', '高端安卓平板，3K高刷屏，适合学习和娱乐', 2799.00, 3299.00, 2300.00, 187, 35, 'http://localhost:1000/file/小新平板.jpg', '["http://localhost:1000/file/小新平板.jpg"]', '{"颜色":"星海灰","屏幕":"12.7英寸 3K OLED 144Hz","音响":"8扬声器 JBL认证"}', '小新', 'Pad Pro 2024', '骁龙8 Gen 2', 'Adreno 740', '12GB', '256GB UFS 3.1', 12.7, 0.615, 1, 1, 1, 1456, 13456, 4.68, 645, '2024-04-18 10:00:00', NOW()),

(24, 'LENOVO-M10-2024', '联想小新 Pad M10 2024', '联发科 G85 | 10.6英寸 | 90Hz', '入门平板，性价比之选，适合追剧和网课', 899.00, 1199.00, 700.00, 356, 60, 'http://localhost:1000/file/xiaoxinpadm10.jpg', '["http://localhost:1000/file/xiaoxinpadm10.jpg"]', '{"颜色":"月光银","屏幕":"10.6英寸 2K 90Hz","电池":"7700mAh"}', '小新', 'Pad M10 2024', '联发科 Helio G85', 'ARM Mali-G52', '4GB', '128GB', 10.6, 0.465, 1, 0, 1, 2876, 18234, 4.52, 1123, '2024-01-25 10:00:00', NOW()),

(25, 'LENOVO-PROJECTOR-T500', '联想 ThinkVision T500 智能投影仪', '1080P | 800ANSI | 自动对焦', '智能投影仪，自动对焦和梯形校正，内置音响', 2499.00, 2999.00, 2000.00, 92, 20, 'http://localhost:1000/file/projector.jpg', '["http://localhost:1000/file/projector.jpg"]', '{"亮度":"800 ANSI流明","分辨率":"1920×1080","系统":"Android TV"}', 'ThinkVision', 'T500', '联发科 MT9652', 'ARM Mali-G52', '2GB', '16GB', NULL, 1.85, 1, 0, 0, 456, 6234, 4.58, 203, '2024-02-05 10:00:00', NOW());

-- ====================================
-- 4. 插入商品分类关联数据
-- ====================================
INSERT INTO `product_category` (`product_id`, `category_id`, `created_at`) VALUES
-- 游戏本
(1, 1, NOW()), (2, 1, NOW()), (3, 1, NOW()), (4, 1, NOW()), (5, 1, NOW()), (6, 1, NOW()), (7, 1, NOW()),
-- 轻薄本
(8, 2, NOW()), (9, 2, NOW()), (10, 2, NOW()), (11, 2, NOW()), (12, 2, NOW()), (13, 2, NOW()), (14, 2, NOW()), (15, 2, NOW()),
-- 台式机
(16, 3, NOW()), (17, 3, NOW()), (18, 3, NOW()), (19, 3, NOW()),
-- 手机
(20, 4, NOW()), (21, 4, NOW()), (22, 4, NOW()),
-- 智能产品
(23, 5, NOW()), (24, 5, NOW()), (25, 5, NOW());

-- ====================================
-- 5. 插入用户数据（25个用户）
-- ====================================
INSERT INTO `users` (`id`, `username`, `email`, `password_hash`, `phone`, `avatar_url`, `is_active`, `is_admin`, `last_login`, `created_at`, `updated_at`) VALUES
(1, 'zhangsan', 'zhangsan@example.com', '$2a$10$N9qo8uLOickgx2ZMRZoMyeIjZAgcfl7p92ldGxad68LJZdL17lhWy', '13800138001', 'http://localhost:1000/avatar/user1.png', 1, 0, '2025-01-10 14:23:15', '2024-10-01 09:00:00', '2025-01-10 14:23:15'),
(2, 'lisi', 'lisi@example.com', '$2a$10$N9qo8uLOickgx2ZMRZoMyeIjZAgcfl7p92ldGxad68LJZdL17lhWy', '13800138002', 'http://localhost:1000/avatar/user2.png', 1, 0, '2025-01-11 10:12:30', '2024-10-02 10:15:00', '2025-01-11 10:12:30'),
(3, 'wangwu', 'wangwu@example.com', '$2a$10$N9qo8uLOickgx2ZMRZoMyeIjZAgcfl7p92ldGxad68LJZdL17lhWy', '13800138003', 'http://localhost:1000/avatar/user3.png', 1, 0, '2025-01-12 16:45:22', '2024-10-03 11:30:00', '2025-01-12 16:45:22'),
(4, 'zhaoliu', 'zhaoliu@example.com', '$2a$10$N9qo8uLOickgx2ZMRZoMyeIjZAgcfl7p92ldGxad68LJZdL17lhWy', '13800138004', 'http://localhost:1000/avatar/user4.png', 1, 0, '2025-01-11 09:20:18', '2024-10-04 13:45:00', '2025-01-11 09:20:18'),
(5, 'sunqi', 'sunqi@example.com', '$2a$10$N9qo8uLOickgx2ZMRZoMyeIjZAgcfl7p92ldGxad68LJZdL17lhWy', '13800138005', 'http://localhost:1000/avatar/user5.png', 1, 0, '2025-01-10 20:35:45', '2024-10-05 14:20:00', '2025-01-10 20:35:45'),
(6, 'zhouba', 'zhouba@example.com', '$2a$10$N9qo8uLOickgx2ZMRZoMyeIjZAgcfl7p92ldGxad68LJZdL17lhWy', '13800138006', 'http://localhost:1000/avatar/user6.png', 1, 0, '2025-01-12 11:15:33', '2024-10-06 15:10:00', '2025-01-12 11:15:33'),
(7, 'wujiu', 'wujiu@example.com', '$2a$10$N9qo8uLOickgx2ZMRZoMyeIjZAgcfl7p92ldGxad68LJZdL17lhWy', '13800138007', 'http://localhost:1000/avatar/user7.png', 1, 0, '2025-01-11 15:42:12', '2024-10-07 16:25:00', '2025-01-11 15:42:12'),
(8, 'zhengshi', 'zhengshi@example.com', '$2a$10$N9qo8uLOickgx2ZMRZoMyeIjZAgcfl7p92ldGxad68LJZdL17lhWy', '13800138008', 'http://localhost:1000/avatar/user8.png', 1, 0, '2025-01-10 18:20:55', '2024-10-08 17:40:00', '2025-01-10 18:20:55'),
(9, 'chenshi', 'chenshi@example.com', '$2a$10$N9qo8uLOickgx2ZMRZoMyeIjZAgcfl7p92ldGxad68LJZdL17lhWy', '13800138009', 'http://localhost:1000/avatar/user9.png', 1, 0, '2025-01-12 13:55:28', '2024-10-09 08:15:00', '2025-01-12 13:55:28'),
(10, 'liushi', 'liushi@example.com', '$2a$10$N9qo8uLOickgx2ZMRZoMyeIjZAgcfl7p92ldGxad68LJZdL17lhWy', '13800138010', 'http://localhost:1000/avatar/user10.png', 1, 0, '2025-01-11 12:30:40', '2024-10-10 09:30:00', '2025-01-11 12:30:40'),
(11, 'huangxiyi', 'huangxiyi@example.com', '$2a$10$N9qo8uLOickgx2ZMRZoMyeIjZAgcfl7p92ldGxad68LJZdL17lhWy', '13800138011', 'http://localhost:1000/avatar/user11.png', 1, 0, '2025-01-10 17:45:15', '2024-10-11 10:45:00', '2025-01-10 17:45:15'),
(12, 'linxier', 'linxier@example.com', '$2a$10$N9qo8uLOickgx2ZMRZoMyeIjZAgcfl7p92ldGxad68LJZdL17lhWy', '13800138012', 'http://localhost:1000/avatar/user12.png', 1, 0, '2025-01-12 08:20:50', '2024-10-12 11:20:00', '2025-01-12 08:20:50'),
(13, 'hexisan', 'hexisan@example.com', '$2a$10$N9qo8uLOickgx2ZMRZoMyeIjZAgcfl7p92ldGxad68LJZdL17lhWy', '13800138013', 'http://localhost:1000/avatar/user13.png', 1, 0, '2025-01-11 19:10:25', '2024-10-13 12:35:00', '2025-01-11 19:10:25'),
(14, 'tanxisi', 'tanxisi@example.com', '$2a$10$N9qo8uLOickgx2ZMRZoMyeIjZAgcfl7p92ldGxad68LJZdL17lhWy', '13800138014', 'http://localhost:1000/avatar/user14.png', 1, 0, '2025-01-10 21:35:18', '2024-10-14 13:50:00', '2025-01-10 21:35:18'),
(15, 'dengxiwu', 'dengxiwu@example.com', '$2a$10$N9qo8uLOickgx2ZMRZoMyeIjZAgcfl7p92ldGxad68LJZdL17lhWy', '13800138015', 'http://localhost:1000/avatar/user15.png', 1, 0, '2025-01-12 14:25:42', '2024-10-15 14:05:00', '2025-01-12 14:25:42'),
(16, 'gaoxiliu', 'gaoxiliu@example.com', '$2a$10$N9qo8uLOickgx2ZMRZoMyeIjZAgcfl7p92ldGxad68LJZdL17lhWy', '13800138016', 'http://localhost:1000/avatar/user16.png', 1, 0, '2025-01-11 16:50:35', '2024-10-16 15:20:00', '2025-01-11 16:50:35'),
(17, 'guoxiqi', 'guoxiqi@example.com', '$2a$10$N9qo8uLOickgx2ZMRZoMyeIjZAgcfl7p92ldGxad68LJZdL17lhWy', '13800138017', 'http://localhost:1000/avatar/user17.png', 1, 0, '2025-01-10 10:15:55', '2024-10-17 16:35:00', '2025-01-10 10:15:55'),
(18, 'xiexiba', 'xiexiba@example.com', '$2a$10$N9qo8uLOickgx2ZMRZoMyeIjZAgcfl7p92ldGxad68LJZdL17lhWy', '13800138018', 'http://localhost:1000/avatar/user18.png', 1, 0, '2025-01-12 12:40:20', '2024-10-18 17:50:00', '2025-01-12 12:40:20'),
(19, 'yanxijiu', 'yanxijiu@example.com', '$2a$10$N9qo8uLOickgx2ZMRZoMyeIjZAgcfl7p92ldGxad68LJZdL17lhWy', '13800138019', 'http://localhost:1000/avatar/user19.png', 1, 0, '2025-01-11 14:15:48', '2024-10-19 08:05:00', '2025-01-11 14:15:48'),
(20, 'yuershi', 'yuershi@example.com', '$2a$10$N9qo8uLOickgx2ZMRZoMyeIjZAgcfl7p92ldGxad68LJZdL17lhWy', '13800138020', 'http://localhost:1000/avatar/user20.png', 1, 0, '2025-01-10 15:30:12', '2024-10-20 09:20:00', '2025-01-10 15:30:12'),
(21, 'baieryi', 'baieryi@example.com', '$2a$10$N9qo8uLOickgx2ZMRZoMyeIjZAgcfl7p92ldGxad68LJZdL17lhWy', '13800138021', 'http://localhost:1000/avatar/user21.png', 1, 0, '2025-01-12 17:20:35', '2024-10-21 10:35:00', '2025-01-12 17:20:35'),
(22, 'qianyier', 'qianyier@example.com', '$2a$10$N9qo8uLOickgx2ZMRZoMyeIjZAgcfl7p92ldGxad68LJZdL17lhWy', '13800138022', 'http://localhost:1000/avatar/user22.png', 1, 0, '2025-01-11 11:45:28', '2024-10-22 11:50:00', '2025-01-11 11:45:28'),
(23, 'songerssan', 'songerssan@example.com', '$2a$10$N9qo8uLOickgx2ZMRZoMyeIjZAgcfl7p92ldGxad68LJZdL17lhWy', '13800138023', 'http://localhost:1000/avatar/user23.png', 1, 0, '2025-01-10 19:55:15', '2024-10-23 12:05:00', '2025-01-10 19:55:15'),
(24, 'taiyiersi', 'taiyiersi@example.com', '$2a$10$N9qo8uLOickgx2ZMRZoMyeIjZAgcfl7p92ldGxad68LJZdL17lhWy', '13800138024', 'http://localhost:1000/avatar/user24.png', 1, 0, '2025-01-12 09:10:42', '2024-10-24 13:20:00', '2025-01-12 09:10:42'),
(25, 'juyierwu', 'juyierwu@example.com', '$2a$10$N9qo8uLOickgx2ZMRZoMyeIjZAgcfl7p92ldGxad68LJZdL17lhWy', '13800138025', 'http://localhost:1000/avatar/user25.png', 1, 0, '2025-01-11 13:25:55', '2024-10-25 14:35:00', '2025-01-11 13:25:55');

-- ====================================
-- 6. 插入用户地址数据
-- ====================================
INSERT INTO `user_addresses` (`user_id`, `recipient_name`, `recipient_phone`, `province`, `city`, `district`, `street_address`, `postal_code`, `is_default`, `tag`, `created_at`, `updated_at`) VALUES
(1, '张三', '13800138001', '广东省', '深圳市', '南山区', '科技园南区高新南一道9号腾讯大厦', '518057', 1, '公司', '2024-10-05 10:00:00', '2024-10-05 10:00:00'),
(1, '张三', '13800138001', '广东省', '深圳市', '福田区', '福华三路269号华强中心大厦', '518048', 0, '家', '2024-10-10 11:00:00', '2024-10-10 11:00:00'),
(2, '李四', '13800138002', '北京市', '北京市', '朝阳区', '建国门外大街1号国贸大厦', '100020', 1, '公司', '2024-10-06 09:30:00', '2024-10-06 09:30:00'),
(3, '王五', '13800138003', '上海市', '上海市', '浦东新区', '世纪大道1001号', '200120', 1, '家', '2024-10-07 14:15:00', '2024-10-07 14:15:00'),
(4, '赵六', '13800138004', '浙江省', '杭州市', '西湖区', '文三路90号', '310013', 1, '学校', '2024-10-08 16:20:00', '2024-10-08 16:20:00'),
(5, '孙七', '13800138005', '江苏省', '南京市', '鼓楼区', '汉中路1号', '210000', 1, '家', '2024-10-09 10:30:00', '2024-10-09 10:30:00'),
(6, '周八', '13800138006', '四川省', '成都市', '武侯区', '天府大道北段1700号', '610041', 1, '公司', '2024-10-10 11:45:00', '2024-10-10 11:45:00'),
(7, '吴九', '13800138007', '湖北省', '武汉市', '洪山区', '珞喻路129号', '430070', 1, '学校', '2024-10-11 13:00:00', '2024-10-11 13:00:00'),
(8, '郑十', '13800138008', '陕西省', '西安市', '雁塔区', '高新路88号', '710065', 1, '家', '2024-10-12 14:30:00', '2024-10-12 14:30:00'),
(9, '陈十一', '13800138009', '广东省', '广州市', '天河区', '天河路208号', '510620', 1, '公司', '2024-10-13 09:15:00', '2024-10-13 09:15:00'),
(10, '刘十二', '13800138010', '山东省', '青岛市', '崂山区', '香港东路195号', '266100', 1, '家', '2024-10-14 10:45:00', '2024-10-14 10:45:00'),
(11, '黄十三', '13800138011', '福建省', '厦门市', '思明区', '湖滨南路76号', '361004', 1, '公司', '2024-10-15 12:00:00', '2024-10-15 12:00:00'),
(12, '林十四', '13800138012', '辽宁省', '大连市', '中山区', '人民路90号', '116001', 1, '家', '2024-10-16 13:30:00', '2024-10-16 13:30:00'),
(13, '何十五', '13800138013', '湖南省', '长沙市', '岳麓区', '麓山南路36号', '410081', 1, '学校', '2024-10-17 15:00:00', '2024-10-17 15:00:00'),
(14, '谭十六', '13800138014', '重庆市', '重庆市', '渝北区', '龙山大道99号', '401147', 1, '家', '2024-10-18 16:15:00', '2024-10-18 16:15:00'),
(15, '邓十七', '13800138015', '河南省', '郑州市', '金水区', '花园路39号', '450008', 1, '公司', '2024-10-19 10:00:00', '2024-10-19 10:00:00'),
(16, '高十八', '13800138016', '安徽省', '合肥市', '蜀山区', '潜山路120号', '230031', 1, '家', '2024-10-20 11:30:00', '2024-10-20 11:30:00'),
(17, '郭十九', '13800138017', '江西省', '南昌市', '东湖区', '八一大道357号', '330006', 1, '公司', '2024-10-21 14:00:00', '2024-10-21 14:00:00'),
(18, '谢二十', '13800138018', '云南省', '昆明市', '五华区', '人民中路1号', '650031', 1, '家', '2024-10-22 15:30:00', '2024-10-22 15:30:00'),
(19, '闫二一', '13800138019', '山西省', '太原市', '小店区', '长风街99号', '030032', 1, '学校', '2024-10-23 09:45:00', '2024-10-23 09:45:00'),
(20, '岳二二', '13800138020', '河北省', '石家庄市', '长安区', '中山东路188号', '050011', 1, '家', '2024-10-24 10:15:00', '2024-10-24 10:15:00'),
(21, '白二三', '13800138021', '吉林省', '长春市', '朝阳区', '西民主大街950号', '130061', 1, '公司', '2024-10-25 11:00:00', '2024-10-25 11:00:00'),
(22, '钱二四', '13800138022', '黑龙江省', '哈尔滨市', '南岗区', '西大直街92号', '150080', 1, '学校', '2024-10-26 12:30:00', '2024-10-26 12:30:00'),
(23, '宋二五', '13800138023', '天津市', '天津市', '和平区', '南京路189号', '300051', 1, '家', '2024-10-27 14:00:00', '2024-10-27 14:00:00'),
(24, '台二六', '13800138024', '贵州省', '贵阳市', '南明区', '中华南路1号', '550002', 1, '公司', '2024-10-28 15:15:00', '2024-10-28 15:15:00'),
(25, '居二七', '13800138025', '甘肃省', '兰州市', '城关区', '东岗西路199号', '730000', 1, '家', '2024-10-29 16:30:00', '2024-10-29 16:30:00');

-- ====================================
-- 7. 插入订单数据（50个订单）
-- ====================================
INSERT INTO `orders` (`id`, `order_no`, `user_id`, `address_id`, `total_amount`, `discount_amount`, `shipping_fee`, `final_amount`, `payment_method`, `payment_status`, `payment_time`, `payment_transaction_id`, `order_status`, `shipping_method`, `shipping_tracking_no`, `shipped_time`, `received_time`, `closed_time`, `cancel_reason`, `buyer_note`, `admin_note`, `invoice_needed`, `invoice_title`, `created_at`, `updated_at`) VALUES
-- 已完成订单（30个）
(1, 'ORD202411010001', 1, 1, 13999.00, 0.00, 0.00, 13999.00, 'alipay', 1, '2024-11-01 10:15:23', '2024110110000001', 'completed', '顺丰速运', 'SF1234567890', '2024-11-01 14:20:00', '2024-11-03 10:30:00', NULL, NULL, '请尽快发货', '订单正常', 1, '深圳市腾讯科技有限公司', '2024-11-01 10:10:00', '2024-11-03 10:30:00'),
(2, 'ORD202411020002', 2, 3, 5299.00, 200.00, 10.00, 5109.00, 'wechat', 1, '2024-11-02 11:20:45', '2024110211000002', 'completed', '京东快递', 'JD9876543210', '2024-11-02 15:30:00', '2024-11-04 09:15:00', NULL, NULL, '周末不在家', '订单正常', 0, NULL, '2024-11-02 11:18:00', '2024-11-04 09:15:00'),
(3, 'ORD202411030003', 3, 4, 3299.00, 0.00, 15.00, 3314.00, 'alipay', 1, '2024-11-03 14:35:12', '2024110314000003', 'completed', '中通快递', 'ZTO1122334455', '2024-11-03 16:40:00', '2024-11-05 14:20:00', NULL, NULL, '请包装好', '订单正常', 1, '个人', '2024-11-03 14:30:00', '2024-11-05 14:20:00'),
(4, 'ORD202411040004', 4, 5, 9499.00, 500.00, 0.00, 8999.00, 'alipay', 1, '2024-11-04 09:48:33', '2024110409000004', 'completed', '顺丰速运', 'SF2233445566', '2024-11-04 13:50:00', '2024-11-06 10:00:00', NULL, NULL, '急用', '订单正常，加急处理', 1, '个人', '2024-11-04 09:45:00', '2024-11-06 10:00:00'),
(5, 'ORD202411050005', 5, 6, 2999.00, 0.00, 10.00, 3009.00, 'wechat', 1, '2024-11-05 16:22:18', '2024110516000005', 'completed', '圆通快递', 'YT3344556677', '2024-11-05 17:30:00', '2024-11-07 15:45:00', NULL, NULL, NULL, '订单正常', 0, NULL, '2024-11-05 16:20:00', '2024-11-07 15:45:00'),
(6, 'ORD202411060006', 6, 7, 8999.00, 1000.00, 0.00, 7999.00, 'alipay', 1, '2024-11-06 10:55:42', '2024110610000006', 'completed', '京东快递', 'JD4455667788', '2024-11-06 14:00:00', '2024-11-08 09:30:00', NULL, NULL, '送货前请电话联系', '订单正常', 1, '武汉大学', '2024-11-06 10:50:00', '2024-11-08 09:30:00'),
(7, 'ORD202411070007', 7, 8, 6999.00, 0.00, 15.00, 7014.00, 'wechat', 1, '2024-11-07 13:18:27', '2024110713000007', 'completed', '中通快递', 'ZTO5566778899', '2024-11-07 15:20:00', '2024-11-09 11:00:00', NULL, NULL, '请送到保安室', '订单正常', 0, NULL, '2024-11-07 13:15:00', '2024-11-09 11:00:00'),
(8, 'ORD202411080008', 8, 9, 12999.00, 0.00, 0.00, 12999.00, 'alipay', 1, '2024-11-08 15:42:35', '2024110815000008', 'completed', '顺丰速运', 'SF6677889900', '2024-11-08 17:00:00', '2024-11-10 14:30:00', NULL, NULL, NULL, '订单正常', 1, '西安高新技术产业开发区', '2024-11-08 15:40:00', '2024-11-10 14:30:00'),
(9, 'ORD202411090009', 9, 10, 7299.00, 300.00, 10.00, 7009.00, 'wechat', 1, '2024-11-09 09:25:50', '2024110909000009', 'completed', '京东快递', 'JD7788990011', '2024-11-09 13:30:00', '2024-11-11 10:15:00', NULL, NULL, '工作日派送', '订单正常', 0, NULL, '2024-11-09 09:20:00', '2024-11-11 10:15:00'),
(10, 'ORD202411100010', 10, 11, 4499.00, 0.00, 15.00, 4514.00, 'alipay', 1, '2024-11-10 11:38:15', '2024111011000010', 'completed', '圆通快递', 'YT8899001122', '2024-11-10 14:45:00', '2024-11-12 16:20:00', NULL, NULL, NULL, '订单正常', 1, '个人', '2024-11-10 11:35:00', '2024-11-12 16:20:00'),
(11, 'ORD202411110011', 11, 12, 19999.00, 0.00, 0.00, 19999.00, 'alipay', 1, '2024-11-11 14:52:28', '2024111114000011', 'completed', '顺丰速运', 'SF9900112233', '2024-11-11 16:10:00', '2024-11-13 09:00:00', NULL, NULL, '高端商品请注意包装', '高价值商品，已加固包装', 1, '厦门联想集团', '2024-11-11 14:50:00', '2024-11-13 09:00:00'),
(12, 'ORD202411120012', 12, 13, 2799.00, 0.00, 10.00, 2809.00, 'wechat', 1, '2024-11-12 10:16:42', '2024111210000012', 'completed', '京东快递', 'JD0011223344', '2024-11-12 13:20:00', '2024-11-14 11:30:00', NULL, NULL, NULL, '订单正常', 0, NULL, '2024-11-12 10:15:00', '2024-11-14 11:30:00'),
(13, 'ORD202411130013', 13, 14, 5799.00, 500.00, 0.00, 5299.00, 'alipay', 1, '2024-11-13 16:34:55', '2024111316000013', 'completed', '中通快递', 'ZTO1122334466', '2024-11-13 17:40:00', '2024-11-15 15:10:00', NULL, NULL, '学生用，请包好', '订单正常', 1, '个人', '2024-11-13 16:30:00', '2024-11-15 15:10:00'),
(14, 'ORD202411140014', 14, 15, 11999.00, 0.00, 0.00, 11999.00, 'wechat', 1, '2024-11-14 09:47:18', '2024111409000014', 'completed', '顺丰速运', 'SF2233445577', '2024-11-14 13:50:00', '2024-11-16 10:20:00', NULL, NULL, NULL, '订单正常', 1, '重庆市渝北区人民政府', '2024-11-14 09:45:00', '2024-11-16 10:20:00'),
(15, 'ORD202411150015', 15, 16, 899.00, 100.00, 10.00, 809.00, 'alipay', 1, '2024-11-15 13:22:35', '2024111513000015', 'completed', '圆通快递', 'YT3344556688', '2024-11-15 15:30:00', '2024-11-17 14:00:00', NULL, NULL, '性价比之选', '订单正常', 0, NULL, '2024-11-15 13:20:00', '2024-11-17 14:00:00'),
(16, 'ORD202411160016', 16, 17, 9999.00, 1000.00, 0.00, 8999.00, 'wechat', 1, '2024-11-16 11:55:42', '2024111611000016', 'completed', '京东快递', 'JD5566778899', '2024-11-16 14:00:00', '2024-11-18 09:30:00', NULL, NULL, '用于设计工作', '订单正常', 1, '合肥设计有限公司', '2024-11-16 11:50:00', '2024-11-18 09:30:00'),
(17, 'ORD202411170017', 17, 18, 14999.00, 0.00, 0.00, 14999.00, 'alipay', 1, '2024-11-17 15:18:27', '2024111715000017', 'completed', '顺丰速运', 'SF6677889911', '2024-11-17 17:20:00', '2024-11-19 11:00:00', NULL, NULL, '高端商务本', '高价值商品', 1, '南昌联想专卖店', '2024-11-17 15:15:00', '2024-11-19 11:00:00'),
(18, 'ORD202411180018', 18, 19, 8499.00, 500.00, 15.00, 8014.00, 'wechat', 1, '2024-11-18 10:42:50', '2024111810000018', 'completed', '中通快递', 'ZTO7788990022', '2024-11-18 13:50:00', '2024-11-20 15:30:00', NULL, NULL, NULL, '订单正常', 0, NULL, '2024-11-18 10:40:00', '2024-11-20 15:30:00'),
(19, 'ORD202411190019', 19, 20, 1999.00, 0.00, 10.00, 2009.00, 'alipay', 1, '2024-11-19 14:25:35', '2024111914000019', 'completed', '京东快递', 'JD8899001133', '2024-11-19 16:30:00', '2024-11-21 10:15:00', NULL, NULL, '学生党福利', '订单正常', 1, '个人', '2024-11-19 14:20:00', '2024-11-21 10:15:00'),
(20, 'ORD202411200020', 20, 21, 3299.00, 200.00, 15.00, 3114.00, 'wechat', 1, '2024-11-20 09:38:42', '2024112009000020', 'completed', '圆通快递', 'YT9900112244', '2024-11-20 13:45:00', '2024-11-22 16:20:00', NULL, NULL, NULL, '订单正常', 0, NULL, '2024-11-20 09:35:00', '2024-11-22 16:20:00'),
(21, 'ORD202411210021', 21, 22, 5299.00, 0.00, 10.00, 5309.00, 'alipay', 1, '2024-11-21 16:52:18', '2024112116000021', 'completed', '顺丰速运', 'SF0011223355', '2024-11-21 18:00:00', '2024-11-23 09:30:00', NULL, NULL, '办公使用', '订单正常', 1, '长春科技公司', '2024-11-21 16:50:00', '2024-11-23 09:30:00'),
(22, 'ORD202411220022', 22, 23, 29999.00, 0.00, 0.00, 29999.00, 'alipay', 1, '2024-11-22 10:16:55', '2024112210000022', 'completed', '顺丰速运', 'SF1122334466', '2024-11-22 14:20:00', '2024-11-24 10:00:00', NULL, NULL, '旗舰配置', '高价值商品，已验货', 1, '哈尔滨工业大学', '2024-11-22 10:15:00', '2024-11-24 10:00:00'),
(23, 'ORD202411230023', 23, 24, 2499.00, 0.00, 10.00, 2509.00, 'wechat', 1, '2024-11-23 13:34:28', '2024112313000023', 'completed', '京东快递', 'JD2233445566', '2024-11-23 15:40:00', '2024-11-25 14:30:00', NULL, NULL, NULL, '订单正常', 0, NULL, '2024-11-23 13:30:00', '2024-11-25 14:30:00'),
(24, 'ORD202411240024', 24, 25, 11999.00, 1000.00, 0.00, 10999.00, 'alipay', 1, '2024-11-24 15:47:42', '2024112415000024', 'completed', '中通快递', 'ZTO3344556677', '2024-11-24 17:50:00', '2024-11-26 11:20:00', NULL, NULL, '游戏主机', '订单正常', 1, '贵阳电竞馆', '2024-11-24 15:45:00', '2024-11-26 11:20:00'),
(25, 'ORD202411250025', 25, 26, 6999.00, 0.00, 15.00, 7014.00, 'wechat', 1, '2024-11-25 09:22:35', '2024112509000025', 'completed', '圆通快递', 'YT4455667788', '2024-11-25 13:30:00', '2024-11-27 10:00:00', NULL, NULL, NULL, '订单正常', 0, NULL, '2024-11-25 09:20:00', '2024-11-27 10:00:00'),
(26, 'ORD202411260026', 1, 2, 7299.00, 300.00, 0.00, 6999.00, 'alipay', 1, '2024-11-26 11:55:18', '2024112611000026', 'completed', '顺丰速运', 'SF5566778800', '2024-11-26 14:00:00', '2024-11-28 09:15:00', NULL, NULL, '第二次购买', '老客户', 1, '个人', '2024-11-26 11:50:00', '2024-11-28 09:15:00'),
(27, 'ORD202411270027', 2, 3, 2799.00, 0.00, 10.00, 2809.00, 'wechat', 1, '2024-11-27 14:18:42', '2024112714000027', 'completed', '京东快递', 'JD6677889900', '2024-11-27 16:20:00', '2024-11-29 15:30:00', NULL, NULL, '送给朋友', '订单正常', 0, NULL, '2024-11-27 14:15:00', '2024-11-29 15:30:00'),
(28, 'ORD202411280028', 3, 4, 9999.00, 0.00, 0.00, 9999.00, 'alipay', 1, '2024-11-28 10:42:55', '2024112810000028', 'completed', '中通快递', 'ZTO7788990011', '2024-11-28 13:50:00', '2024-11-30 11:00:00', NULL, NULL, NULL, '订单正常', 1, '杭州阿里巴巴', '2024-11-28 10:40:00', '2024-11-30 11:00:00'),
(29, 'ORD202411290029', 4, 5, 3299.00, 0.00, 15.00, 3314.00, 'wechat', 1, '2024-11-29 16:34:28', '2024112916000029', 'completed', '圆通快递', 'YT8899001144', '2024-11-29 17:40:00', '2024-12-01 14:20:00', NULL, NULL, '性价比高', '订单正常', 0, NULL, '2024-11-29 16:30:00', '2024-12-01 14:20:00'),
(30, 'ORD202411300030', 5, 6, 4499.00, 200.00, 10.00, 4309.00, 'alipay', 1, '2024-11-30 09:16:42', '2024113009000030', 'completed', '顺丰速运', 'SF9900112255', '2024-11-30 13:20:00', '2024-12-02 10:15:00', NULL, NULL, NULL, '订单正常', 1, '个人', '2024-11-30 09:15:00', '2024-12-02 10:15:00'),

-- 待发货订单（10个）
(31, 'ORD202412010031', 6, 7, 13999.00, 0.00, 0.00, 13999.00, 'alipay', 1, '2024-12-01 10:25:35', '2024120110000031', 'paid', NULL, NULL, NULL, NULL, NULL, NULL, '配置最强', '订单已支付，待发货', 1, '武汉大学计算机学院', '2024-12-01 10:20:00', '2024-12-01 10:25:35'),
(32, 'ORD202412020032', 7, 8, 5299.00, 0.00, 10.00, 5309.00, 'wechat', 1, '2024-12-02 11:42:18', '2024120211000032', 'paid', NULL, NULL, NULL, NULL, NULL, NULL, NULL, '订单已支付，待发货', 0, NULL, '2024-12-02 11:40:00', '2024-12-02 11:42:18'),
(33, 'ORD202412030033', 8, 9, 8499.00, 500.00, 0.00, 7999.00, 'alipay', 1, '2024-12-03 14:55:42', '2024120314000033', 'paid', NULL, NULL, NULL, NULL, NULL, NULL, '创作使用', '订单已支付，待发货', 1, '西安设计工作室', '2024-12-03 14:50:00', '2024-12-03 14:55:42'),
(34, 'ORD202412040034', 9, 10, 1999.00, 0.00, 10.00, 2009.00, 'wechat', 1, '2024-12-04 09:18:27', '2024120409000034', 'paid', NULL, NULL, NULL, NULL, NULL, NULL, NULL, '订单已支付，待发货', 0, NULL, '2024-12-04 09:15:00', '2024-12-04 09:18:27'),
(35, 'ORD202412050035', 10, 11, 14999.00, 0.00, 0.00, 14999.00, 'alipay', 1, '2024-12-05 16:34:55', '2024120516000035', 'paid', NULL, NULL, NULL, NULL, NULL, NULL, '商务使用', '订单已支付，待发货', 1, '青岛海尔集团', '2024-12-05 16:30:00', '2024-12-05 16:34:55'),
(36, 'ORD202412060036', 11, 12, 6999.00, 0.00, 15.00, 7014.00, 'wechat', 1, '2024-12-06 10:47:28', '2024120610000036', 'paid', NULL, NULL, NULL, NULL, NULL, NULL, NULL, '订单已支付，待发货', 0, NULL, '2024-12-06 10:45:00', '2024-12-06 10:47:28'),
(37, 'ORD202412070037', 12, 13, 11999.00, 1000.00, 0.00, 10999.00, 'alipay', 1, '2024-12-07 13:22:42', '2024120713000037', 'paid', NULL, NULL, NULL, NULL, NULL, NULL, '游戏本', '订单已支付，待发货', 1, '个人', '2024-12-07 13:20:00', '2024-12-07 13:22:42'),
(38, 'ORD202412080038', 13, 14, 2799.00, 0.00, 10.00, 2809.00, 'wechat', 1, '2024-12-08 15:55:35', '2024120815000038', 'paid', NULL, NULL, NULL, NULL, NULL, NULL, '平板电脑', '订单已支付，待发货', 0, NULL, '2024-12-08 15:50:00', '2024-12-08 15:55:35'),
(39, 'ORD202412090039', 14, 15, 9999.00, 0.00, 0.00, 9999.00, 'alipay', 1, '2024-12-09 09:38:18', '2024120909000039', 'paid', NULL, NULL, NULL, NULL, NULL, NULL, NULL, '订单已支付，待发货', 1, '重庆大学', '2024-12-09 09:35:00', '2024-12-09 09:38:18'),
(40, 'ORD202412100040', 15, 16, 899.00, 100.00, 10.00, 809.00, 'wechat', 1, '2024-12-10 11:16:42', '2024121011000040', 'paid', NULL, NULL, NULL, NULL, NULL, NULL, '学习用', '订单已支付，待发货', 0, NULL, '2024-12-10 11:15:00', '2024-12-10 11:16:42'),

-- 待支付订单（10个）
(41, 'ORD202412110041', 16, 17, 5299.00, 0.00, 10.00, 5309.00, NULL, 0, NULL, NULL, 'pending', NULL, NULL, NULL, NULL, NULL, NULL, NULL, '待支付', 1, '合肥联想专卖店', '2024-12-11 10:25:00', '2024-12-11 10:25:00'),
(42, 'ORD202412110042', 17, 18, 3299.00, 0.00, 15.00, 3314.00, NULL, 0, NULL, NULL, 'pending', NULL, NULL, NULL, NULL, NULL, NULL, '办公台式机', '待支付', 0, NULL, '2024-12-11 14:30:00', '2024-12-11 14:30:00'),
(43, 'ORD202412110043', 18, 19, 7299.00, 300.00, 0.00, 6999.00, NULL, 0, NULL, NULL, 'pending', NULL, NULL, NULL, NULL, NULL, NULL, NULL, '待支付', 1, '昆明理工大学', '2024-12-11 16:40:00', '2024-12-11 16:40:00'),
(44, 'ORD202412120044', 19, 20, 19999.00, 0.00, 0.00, 19999.00, NULL, 0, NULL, NULL, 'pending', NULL, NULL, NULL, NULL, NULL, NULL, '旗舰游戏本', '待支付', 1, '个人', '2024-12-12 09:15:00', '2024-12-12 09:15:00'),
(45, 'ORD202412120045', 20, 21, 2999.00, 0.00, 10.00, 3009.00, NULL, 0, NULL, NULL, 'pending', NULL, NULL, NULL, NULL, NULL, NULL, NULL, '待支付', 0, NULL, '2024-12-12 11:20:00', '2024-12-12 11:20:00'),
(46, 'ORD202412120046', 21, 22, 4499.00, 200.00, 15.00, 4314.00, NULL, 0, NULL, NULL, 'pending', NULL, NULL, NULL, NULL, NULL, NULL, '大屏本', '待支付', 0, NULL, '2024-12-12 14:35:00', '2024-12-12 14:35:00'),
(47, 'ORD202412120047', 22, 23, 8999.00, 0.00, 0.00, 8999.00, NULL, 0, NULL, NULL, 'pending', NULL, NULL, NULL, NULL, NULL, NULL, NULL, '待支付', 1, '天津南开大学', '2024-12-12 16:50:00', '2024-12-12 16:50:00'),
(48, 'ORD202412130048', 23, 24, 12999.00, 0.00, 0.00, 12999.00, NULL, 0, NULL, NULL, 'pending', NULL, NULL, NULL, NULL, NULL, NULL, '旗舰配置', '待支付', 1, '贵阳市人民医院', '2024-12-13 10:10:00', '2024-12-13 10:10:00'),
(49, 'ORD202412130049', 24, 25, 2499.00, 0.00, 10.00, 2509.00, NULL, 0, NULL, NULL, 'pending', NULL, NULL, NULL, NULL, NULL, NULL, NULL, '待支付', 0, NULL, '2024-12-13 13:25:00', '2024-12-13 13:25:00'),
(50, 'ORD202412130050', 25, 26, 6999.00, 0.00, 15.00, 7014.00, NULL, 0, NULL, NULL, 'pending', NULL, NULL, NULL, NULL, NULL, NULL, '第二次购买', '待支付', 1, '个人', '2024-12-13 15:40:00', '2024-12-13 15:40:00');

-- ====================================
-- 8. 插入订单项数据（50个订单的明细）
-- ====================================
INSERT INTO `order_items` (`id`, `order_id`, `order_no`, `product_id`, `product_name`, `product_image`, `product_specifications`, `unit_price`, `quantity`, `item_amount`, `created_at`) VALUES
-- 订单 1-10
(1, 1, 'ORD202411010001', 1, '联想拯救者 Y9000P 2024', 'http://localhost:1000/file/y9000p.jpg', '{"CPU":"i9-14900HX","GPU":"RTX 4070","内存":"32GB"}', 13999.00, 1, 13999.00, '2024-11-01 10:10:00'),
(2, 2, 'ORD202411020002', 8, '联想小新 Pro 14 2024', 'http://localhost:1000/file/小新pro14.jpg', '{"CPU":"Ultra 5 125H","屏幕":"2.8K OLED"}', 5299.00, 1, 5299.00, '2024-11-02 11:18:00'),
(3, 3, 'ORD202411030003', 16, '联想天逼510S 2024', 'http://localhost:1000/file/tianyi510s.jpg', '{"CPU":"i5-13400","类型":"商用主机"}', 3299.00, 1, 3299.00, '2024-11-03 14:30:00'),
(4, 4, 'ORD202411040004', 3, '联想拯救者 R9000P 2024', 'http://localhost:1000/file/r9000p.jpg', '{"CPU":"R7-7845HX","GPU":"RTX 4060"}', 9499.00, 1, 9499.00, '2024-11-04 09:45:00'),
(5, 5, 'ORD202411050005', 20, '摩托罗拉 moto X40', 'http://localhost:1000/file/motox40.jpg', '{"CPU":"骁龙8 Gen 2","屏幕":"165Hz"}', 2999.00, 1, 2999.00, '2024-11-05 16:20:00'),
(6, 6, 'ORD202411060006', 4, '联想拯救者 Y7000P 2024', 'http://localhost:1000/file/y7000p.jpg', '{"CPU":"i7-13700HX","GPU":"RTX 4060"}', 8999.00, 1, 8999.00, '2024-11-06 10:50:00'),
(7, 7, 'ORD202411070007', 9, '联想小新 Pro 16 2024', 'http://localhost:1000/file/小新pro16gt.jpg', '{"CPU":"Ultra 7 155H","GPU":"RTX 4050"}', 6999.00, 1, 6999.00, '2024-11-07 13:15:00'),
(8, 8, 'ORD202411080008', 6, '联想拯救者 Y9000X 2024', 'http://localhost:1000/file/y9000x.jpg', '{"CPU":"i9-13900HX","屏幕":"3.2K 165Hz"}', 12999.00, 1, 12999.00, '2024-11-08 15:40:00'),
(9, 9, 'ORD202411090009', 5, '联想 Legion 5 Pro', 'http://localhost:1000/file/legion5pro.jpg', '{"CPU":"R7-7840HS","GPU":"RTX 4050"}', 7299.00, 1, 7299.00, '2024-11-09 09:20:00'),
(10, 10, 'ORD202411100010', 11, '联想小新 Air 15 2024', 'http://localhost:1000/file/小新air15.jpg', '{"CPU":"i5-13500H","屏幕":"15.6英寸"}', 4499.00, 1, 4514.00, '2024-11-10 11:35:00'),

-- 订单 11-20
(11, 11, 'ORD202411110011', 7, '联想拯救者 刼9000X', 'http://localhost:1000/file/blade9000x.jpg', '{"CPU":"i9-14900HX","GPU":"RTX 4080"}', 19999.00, 1, 19999.00, '2024-11-11 14:50:00'),
(12, 12, 'ORD202411120012', 23, '联想小新 Pad Pro 2024', 'http://localhost:1000/file/小新平板.jpg', '{"CPU":"骁龙8 Gen 2","屏幕":"12.7英寸 3K"}', 2799.00, 1, 2799.00, '2024-11-12 10:15:00'),
(13, 13, 'ORD202411130013', 12, 'ThinkBook 14 2024', 'http://localhost:1000/file/thinkbook14.jpg', '{"CPU":"i7-1355U","类型":"商务办公"}', 5799.00, 1, 5799.00, '2024-11-13 16:30:00'),
(14, 14, 'ORD202411140014', 2, '联想拯救者 Y9000P 2024 AMD版', 'http://localhost:1000/file/y9000p.jpg', '{"CPU":"R9-7945HX","GPU":"RTX 4060"}', 11999.00, 1, 11999.00, '2024-11-14 09:45:00'),
(15, 15, 'ORD202411150015', 24, '联想小新 Pad M10 2024', 'http://localhost:1000/file/xiaoxinpadm10.jpg', '{"CPU":"G85","屏幕":"10.6英寸 90Hz"}', 899.00, 1, 899.00, '2024-11-15 13:20:00'),
(16, 16, 'ORD202411160016', 13, 'ThinkBook 16p 2024', 'http://localhost:1000/file/thinkbook16p.jpg', '{"CPU":"i9-13900H","GPU":"RTX 4060"}', 9999.00, 1, 9999.00, '2024-11-16 11:50:00'),
(17, 17, 'ORD202411170017', 15, 'ThinkPad X1 Carbon Gen 12', 'http://localhost:1000/file/thinkpadx1.jpg', '{"CPU":"Ultra 7 165U","材质":"碳纤维"}', 14999.00, 1, 14999.00, '2024-11-17 15:15:00'),
(18, 18, 'ORD202411180018', 14, 'YOGA Pro 14 2024', 'http://localhost:1000/file/yogapro14.jpg', '{"CPU":"Ultra 7 155H","屏幕":"OLED触控"}', 8499.00, 1, 8499.00, '2024-11-18 10:40:00'),
(19, 19, 'ORD202411190019', 21, '摩托罗拉 moto S30 Pro', 'http://localhost:1000/file/motos30pro.jpg', '{"CPU":"骁龙888+","屏幕":"144Hz"}', 1999.00, 1, 1999.00, '2024-11-19 14:20:00'),
(20, 20, 'ORD202411200020', 22, '联想拯救者 Y70', 'http://localhost:1000/file/lenovoy70.jpg', '{"CPU":"骁龙8+ Gen 1","特色":"电竞手机"}', 3299.00, 1, 3299.00, '2024-11-20 09:35:00'),

-- 订单 21-30
(21, 21, 'ORD202411210021', 8, '联想小新 Pro 14 2024', 'http://localhost:1000/file/小新pro14.jpg', '{"CPU":"Ultra 5 125H","屏幕":"2.8K OLED"}', 5299.00, 1, 5299.00, '2024-11-21 16:50:00'),
(22, 22, 'ORD202411220022', 18, '联想拯救者 刼9000K 2024', 'http://localhost:1000/file/blade9000k.jpg', '{"CPU":"i9-14900K","GPU":"RTX 4090"}', 29999.00, 1, 29999.00, '2024-11-22 10:15:00'),
(23, 23, 'ORD202411230023', 25, '联想 ThinkVision T500 智能投影仪', 'http://localhost:1000/file/projector.jpg', '{"亮度":"800 ANSI","分辨率":"1080P"}', 2499.00, 1, 2499.00, '2024-11-23 13:30:00'),
(24, 24, 'ORD202411240024', 17, '联想拯救者 刼7000P 2024', 'http://localhost:1000/file/blade7000p.jpg', '{"CPU":"i7-14700KF","GPU":"RTX 4070"}', 11999.00, 1, 11999.00, '2024-11-24 15:45:00'),
(25, 25, 'ORD202411250025', 9, '联想小新 Pro 16 2024', 'http://localhost:1000/file/小新pro16gt.jpg', '{"CPU":"Ultra 7 155H","GPU":"RTX 4050"}', 6999.00, 1, 6999.00, '2024-11-25 09:20:00'),
(26, 26, 'ORD202411260026', 5, '联想 Legion 5 Pro', 'http://localhost:1000/file/legion5pro.jpg', '{"CPU":"R7-7840HS","GPU":"RTX 4050"}', 7299.00, 1, 7299.00, '2024-11-26 11:50:00'),
(27, 27, 'ORD202411270027', 23, '联想小新 Pad Pro 2024', 'http://localhost:1000/file/小新平板.jpg', '{"CPU":"骁龙8 Gen 2","屏幕":"12.7英寸 3K"}', 2799.00, 1, 2799.00, '2024-11-27 14:15:00'),
(28, 28, 'ORD202411280028', 19, '联想拯救者 Y90 一体机', 'http://localhost:1000/file/legiony90.jpg', '{"CPU":"i7-13700","屏幕":"27英寸 2K 165Hz"}', 9999.00, 1, 9999.00, '2024-11-28 10:40:00'),
(29, 29, 'ORD202411290029', 22, '联想拯救者 Y70', 'http://localhost:1000/file/lenovoy70.jpg', '{"CPU":"骁龙8+ Gen 1","特色":"电竞手机"}', 3299.00, 1, 3299.00, '2024-11-29 16:30:00'),
(30, 30, 'ORD202411300030', 11, '联想小新 Air 15 2024', 'http://localhost:1000/file/小新air15.jpg', '{"CPU":"i5-13500H","屏幕":"15.6英寸"}', 4499.00, 1, 4499.00, '2024-11-30 09:15:00'),

-- 订单 31-40
(31, 31, 'ORD202412010031', 1, '联想拯救者 Y9000P 2024', 'http://localhost:1000/file/y9000p.jpg', '{"CPU":"i9-14900HX","GPU":"RTX 4070"}', 13999.00, 1, 13999.00, '2024-12-01 10:20:00'),
(32, 32, 'ORD202412020032', 8, '联想小新 Pro 14 2024', 'http://localhost:1000/file/小新pro14.jpg', '{"CPU":"Ultra 5 125H","屏幕":"2.8K OLED"}', 5299.00, 1, 5299.00, '2024-12-02 11:40:00'),
(33, 33, 'ORD202412030033', 14, 'YOGA Pro 14 2024', 'http://localhost:1000/file/yogapro14.jpg', '{"CPU":"Ultra 7 155H","屏幕":"OLED触控"}', 8499.00, 1, 8499.00, '2024-12-03 14:50:00'),
(34, 34, 'ORD202412040034', 21, '摩托罗拉 moto S30 Pro', 'http://localhost:1000/file/motos30pro.jpg', '{"CPU":"骁龙888+","屏幕":"144Hz"}', 1999.00, 1, 1999.00, '2024-12-04 09:15:00'),
(35, 35, 'ORD202412050035', 15, 'ThinkPad X1 Carbon Gen 12', 'http://localhost:1000/file/thinkpadx1.jpg', '{"CPU":"Ultra 7 165U","材质":"碳纤维"}', 14999.00, 1, 14999.00, '2024-12-05 16:30:00'),
(36, 36, 'ORD202412060036', 9, '联想小新 Pro 16 2024', 'http://localhost:1000/file/小新pro16gt.jpg', '{"CPU":"Ultra 7 155H","GPU":"RTX 4050"}', 6999.00, 1, 6999.00, '2024-12-06 10:45:00'),
(37, 37, 'ORD202412070037', 2, '联想拯救者 Y9000P 2024 AMD版', 'http://localhost:1000/file/y9000p.jpg', '{"CPU":"R9-7945HX","GPU":"RTX 4060"}', 11999.00, 1, 11999.00, '2024-12-07 13:20:00'),
(38, 38, 'ORD202412080038', 23, '联想小新 Pad Pro 2024', 'http://localhost:1000/file/小新平板.jpg', '{"CPU":"骁龙8 Gen 2","屏幕":"12.7英寸 3K"}', 2799.00, 1, 2799.00, '2024-12-08 15:50:00'),
(39, 39, 'ORD202412090039', 19, '联想拯救者 Y90 一体机', 'http://localhost:1000/file/legiony90.jpg', '{"CPU":"i7-13700","屏幕":"27英寸 2K 165Hz"}', 9999.00, 1, 9999.00, '2024-12-09 09:35:00'),
(40, 40, 'ORD202412100040', 24, '联想小新 Pad M10 2024', 'http://localhost:1000/file/xiaoxinpadm10.jpg', '{"CPU":"G85","屏幕":"10.6英寸 90Hz"}', 899.00, 1, 899.00, '2024-12-10 11:15:00'),

-- 订单 41-50
(41, 41, 'ORD202412110041', 8, '联想小新 Pro 14 2024', 'http://localhost:1000/file/小新pro14.jpg', '{"CPU":"Ultra 5 125H","屏幕":"2.8K OLED"}', 5299.00, 1, 5299.00, '2024-12-11 10:25:00'),
(42, 42, 'ORD202412110042', 16, '联想天逼510S 2024', 'http://localhost:1000/file/tianyi510s.jpg', '{"CPU":"i5-13400","类型":"商用主机"}', 3299.00, 1, 3299.00, '2024-12-11 14:30:00'),
(43, 43, 'ORD202412110043', 5, '联想 Legion 5 Pro', 'http://localhost:1000/file/legion5pro.jpg', '{"CPU":"R7-7840HS","GPU":"RTX 4050"}', 7299.00, 1, 7299.00, '2024-12-11 16:40:00'),
(44, 44, 'ORD202412120044', 7, '联想拯救者 刼9000X', 'http://localhost:1000/file/blade9000x.jpg', '{"CPU":"i9-14900HX","GPU":"RTX 4080"}', 19999.00, 1, 19999.00, '2024-12-12 09:15:00'),
(45, 45, 'ORD202412120045', 20, '摩托罗拉 moto X40', 'http://localhost:1000/file/motox40.jpg', '{"CPU":"骁龙8 Gen 2","屏幕":"165Hz"}', 2999.00, 1, 2999.00, '2024-12-12 11:20:00'),
(46, 46, 'ORD202412120046', 11, '联想小新 Air 15 2024', 'http://localhost:1000/file/小新air15.jpg', '{"CPU":"i5-13500H","屏幕":"15.6英寸"}', 4499.00, 1, 4499.00, '2024-12-12 14:35:00'),
(47, 47, 'ORD202412120047', 4, '联想拯救者 Y7000P 2024', 'http://localhost:1000/file/y7000p.jpg', '{"CPU":"i7-13700HX","GPU":"RTX 4060"}', 8999.00, 1, 8999.00, '2024-12-12 16:50:00'),
(48, 48, 'ORD202412130048', 6, '联想拯救者 Y9000X 2024', 'http://localhost:1000/file/y9000x.jpg', '{"CPU":"i9-13900HX","屏幕":"3.2K 165Hz"}', 12999.00, 1, 12999.00, '2024-12-13 10:10:00'),
(49, 49, 'ORD202412130049', 25, '联想 ThinkVision T500 智能投影仪', 'http://localhost:1000/file/projector.jpg', '{"亮度":"800 ANSI","分辨率":"1080P"}', 2499.00, 1, 2499.00, '2024-12-13 13:25:00'),
(50, 50, 'ORD202412130050', 9, '联想小新 Pro 16 2024', 'http://localhost:1000/file/小新pro16gt.jpg', '{"CPU":"Ultra 7 155H","GPU":"RTX 4050"}', 6999.00, 1, 6999.00, '2024-12-13 15:40:00');

-- ====================================
-- 9. 重置自增长 ID
-- ====================================
ALTER TABLE `categories` AUTO_INCREMENT = 6;
ALTER TABLE `products` AUTO_INCREMENT = 26;
ALTER TABLE `users` AUTO_INCREMENT = 26;
ALTER TABLE `user_addresses` AUTO_INCREMENT = 27;
ALTER TABLE `orders` AUTO_INCREMENT = 51;
ALTER TABLE `order_items` AUTO_INCREMENT = 51;

-- ====================================
-- 10. 恢复外键约束检查
-- ====================================
SET FOREIGN_KEY_CHECKS = 1;

-- ====================================
-- 数据插入完成！
-- 分类: 5个（游戏本、轻薄本、台式机、手机、智能产品）
-- 商品: 25个（基于联想商城真实产品）
-- 用户: 25个
-- 订单: 50个（30个已完成、10个待发货、10个待支付）
-- ====================================